{
	"folders": {},
	"connections": {
		"oracle_thin-16fd1184648-18bfe32bfa020145": {
			"provider": "oracle",
			"driver": "oracle_thin",
			"name": "Oracle - XE",
			"save-password": true,
			"read-only": false,
			"configuration": {
				"host": "localhost",
				"port": "1521",
				"database": "XE",
				"url": "jdbc:oracle:thin:@//localhost:1521/XE",
				"home": "C:\\oraclexe\\app\\oracle\\product\\11.2.0\\server",
				"type": "dev",
				"provider-properties": {
					"@dbeaver-always-use-dba-views@": "false",
					"@dbeaver-sid-service@": "SERVICE",
					"@dbeaver-meta-use-simple-constraints@": "false",
					"@dbeaver-use-rule-hint@": "false",
					"@dbeaver-use-meta-optimizer@": "false",
					"@dbeaver-connection-type@": "BASIC",
					"@dbeaver-check-schema-content@": "false",
					"@dbeaver-meta-use-sys-schema@": "false",
					"@dbeaver-always-show-dba@": "false"
				}
			}
		}
	},
	"connection-types": {
		"dev": {
			"name": "Development",
			"color": "255,255,255",
			"description": "Regular development database",
			"auto-commit": true,
			"confirm-execute": false,
			"confirm-data-change": false
		}
	}
}