{"resources":{"Scripts/a02_basic.sql":{"default-schema":"SCOTT","sql-editor-data-source-id":"oracle_thin-16fd1184648-18bfe32bfa020145"},"Scripts/a04_basic.sql":{"sql-editor-data-source-id":"oracle_thin-16fd1184648-18bfe32bfa020145"},"Scripts/a05_fuction.sql":{"sql-editor-data-source-id":"oracle_thin-16fd1184648-18bfe32bfa020145"},"Scripts/a06_dataTypeChange.sql":{"default-schema":"SCOTT","sql-editor-data-source-id":"oracle_thin-16fd1184648-18bfe32bfa020145"},"Scripts/a06_fuction.sql":{"sql-editor-data-source-id":"oracle_thin-16fd1184648-18bfe32bfa020145"},"Scripts/b03_subQuery.sql":{"sql-editor-data-source-id":"oracle_thin-16fd1184648-18bfe32bfa020145","default-schema":"SCOTT"},"Scripts/b03_sub_tableCre.sql":{"default-schema":"SCOTT","sql-editor-data-source-id":"oracle_thin-16fd1184648-18bfe32bfa020145"},"Scripts/b04_change_structure.sql":{"default-schema":"SCOTT","sql-editor-data-source-id":"oracle_thin-16fd1184648-18bfe32bfa020145"},"Scripts/b04_change_struncture_exp.sql":{"default-schema":"SCOTT","sql-editor-data-source-id":"oracle_thin-16fd1184648-18bfe32bfa020145"},"Scripts/b05_dml.sql":{"default-schema":"SCOTT","sql-editor-data-source-id":"oracle_thin-16fd1184648-18bfe32bfa020145"},"Scripts/b06_dml.sql":{"default-schema":"SCOTT","sql-editor-data-source-id":"oracle_thin-16fd1184648-18bfe32bfa020145"},"Scripts/b07_join.sql":{"sql-editor-data-source-id":"oracle_thin-16fd1184648-18bfe32bfa020145","default-schema":"SCOTT"},"Scripts/h02_homework.sql":{"sql-editor-data-source-id":"oracle_thin-16fd1184648-18bfe32bfa020145"},"Scripts/h04_homework.sql":{"default-schema":"SCOTT","sql-editor-data-source-id":"oracle_thin-16fd1184648-18bfe32bfa020145"},"Scripts/h05_homework_b0214.sql":{"sql-editor-data-source-id":"oracle_thin-16fd1184648-18bfe32bfa020145","default-schema":"SCOTT"},"Scripts/project03.sql":{"default-schema":"SCOTT","sql-editor-data-source-id":"oracle_thin-16fd1184648-18bfe32bfa020145"}}}