{"resources":{"../Servers/Scripts/Script.sql":{"default-schema":"SCOTT","sql-editor-data-source-id":"oracle_thin-16fd1184648-18bfe32bfa020145"},"../Servers/Scripts/a03_basic.sql":{"sql-editor-data-source-id":"oracle_thin-16fd1184648-18bfe32bfa020145"},"../Servers/Scripts/b02_constraints.sql":{"default-schema":"SCOTT","sql-editor-data-source-id":"oracle_thin-16fd1184648-18bfe32bfa020145"},"../Servers/Scripts/b03_sub_tableCre.sql":{"sql-editor-data-source-id":"oracle_thin-16fd1184648-18bfe32bfa020145"},"../Servers/Scripts/h01_homework.sql":{"sql-editor-data-source-id":"oracle_thin-16fd1184648-18bfe32bfa020145"},"../Servers/Scripts/h03_homework.sql":{"default-schema":"SCOTT","sql-editor-data-source-id":"oracle_thin-16fd1184648-18bfe32bfa020145"},"../Servers/Scripts/homework_b0207.sql":{"default-schema":"SCOTT","sql-editor-data-source-id":"oracle_thin-16fd1184648-18bfe32bfa020145"},"WebContent/WEB-INF/lib/Script.sql":{"sql-editor-data-source-id":"oracle_thin-16fcbcfb77e-6a0dcabb7a62fc31"}}}